0,1,2,3,4,5,6,7,8,9,10,11,12,13,14,15,16,17,18,19,20,21,22,23,24,25,26,27,28,29,30,31,32,33,34,35,36,37,38,39,40,41,42,43,44,45,46,47,48,49,50,51,52,53,54,55
3,1,1,0,0,0,0,0,0,0,1,0,0,1,1,1,0,0,0,0,0,0,0,0,0,0,0,0,0,0,0,0,0,0,0,0,0,3,0,0,1,1,1,0,3,3,2,2,0,2,2,0,0,4,0,train
3,4,3,2,3,0,1,4,3,2,3,4,3,4,3,2,3,4,3,4,3,2,3,4,3,4,3,2,3,4,4,4,4,4,4,4,4,4,4,4,4,4,4,4,4,4,4,4,4,4,4,4,4,4,1,train
0,1,1,0,0,2,0,0,0,0,0,2,1,0,0,0,0,0,0,0,0,0,0,0,1,0,0,0,0,1,0,2,0,0,0,0,0,0,0,0,0,2,2,2,2,2,2,2,0,2,1,1,1,0,0,train
4,3,3,2,4,1,0,3,3,2,4,3,4,3,3,2,4,3,4,3,3,2,4,3,4,3,3,2,4,3,4,4,4,4,4,4,4,4,4,4,4,4,4,4,4,4,4,4,4,4,4,4,4,4,1,train
0,0,2,4,0,0,0,0,0,2,0,0,0,0,0,0,0,0,2,0,0,0,0,0,0,0,0,0,0,0,0,2,0,1,0,0,0,2,0,0,2,2,3,0,3,2,0,2,4,0,0,1,0,0,0,train
2,0,1,0,0,0,0,0,0,2,1,0,1,0,2,2,1,0,0,0,1,0,0,1,0,1,0,0,0,0,2,0,0,0,0,0,2,2,1,0,0,2,2,1,2,3,0,2,0,0,2,1,0,0,0,train
0,0,0,0,0,0,0,0,0,0,0,0,0,0,0,0,0,0,0,0,0,0,0,0,0,0,0,0,0,0,0,1,1,1,1,1,1,1,1,1,1,1,3,1,3,4,1,2,2,2,2,3,2,2,0,train
3,3,3,2,3,1,1,3,3,2,3,3,3,3,3,2,3,3,3,3,3,2,3,3,3,3,3,2,3,3,4,4,4,4,4,4,4,4,4,4,4,4,4,4,3,4,4,4,4,4,4,4,4,4,1,train
0,0,0,0,0,0,0,0,0,0,0,1,1,1,1,0,0,0,0,0,1,1,0,0,0,0,0,1,0,0,0,0,0,1,0,0,1,0,1,0,0,0,2,2,2,0,0,2,2,2,2,1,1,0,0,train
3,2,3,2,3,2,1,2,3,2,3,2,3,2,3,2,3,2,3,2,3,2,3,2,3,2,3,2,3,2,4,4,4,4,4,4,4,4,4,4,4,4,4,4,4,4,4,4,4,4,4,4,4,4,1,train
4,4,3,2,4,0,0,4,3,2,4,4,4,4,3,2,4,4,4,4,3,2,4,4,4,4,3,2,4,4,4,4,4,4,4,4,4,4,4,4,4,4,4,4,4,4,4,4,4,4,4,4,4,4,1,train
0,1,0,1,0,0,0,0,0,1,1,2,2,0,0,0,0,0,0,0,0,0,0,0,0,1,1,1,0,0,2,1,0,0,0,0,1,1,2,1,0,2,2,2,1,0,1,3,2,2,2,1,0,0,0,train
0,0,0,0,0,0,0,0,0,0,0,0,0,0,0,0,0,0,0,0,0,0,0,0,0,0,0,0,0,0,2,1,1,1,0,0,0,1,1,0,0,3,2,1,2,2,1,2,3,2,2,3,1,1,0,train
3,3,2,3,3,1,1,3,2,3,3,3,3,3,2,3,3,3,3,3,2,3,3,3,3,3,2,3,3,3,4,4,4,4,4,4,4,4,4,4,4,4,4,4,4,4,4,4,4,4,4,4,4,4,1,train
3,3,3,2,3,1,1,3,3,2,3,3,3,3,3,2,3,3,3,3,3,2,3,3,3,3,3,2,3,3,4,3,4,3,4,3,4,3,4,3,4,3,4,3,3,3,4,3,4,4,3,4,3,4,1,train
0,0,0,0,0,0,0,0,0,0,0,0,0,0,0,0,0,0,0,0,0,0,0,0,0,0,0,0,0,0,0,0,0,0,0,0,0,0,0,0,0,1,1,1,2,3,1,0,0,1,1,0,0,0,0,train
4,2,3,4,4,2,0,2,3,4,4,2,4,2,3,4,4,2,4,2,3,4,4,2,4,2,3,4,4,2,4,4,4,4,4,4,4,4,4,4,4,4,4,4,4,4,4,4,4,4,4,4,4,4,1,train
0,0,0,0,0,1,0,0,0,0,0,0,1,0,0,0,0,0,0,0,0,0,0,0,0,0,0,0,0,0,2,0,0,1,0,0,1,0,0,0,1,1,2,0,1,2,2,2,2,2,2,2,2,2,0,train
4,4,3,3,4,0,4,2,4,4,3,4,4,4,4,4,4,4,4,4,0,0,2,4,4,4,4,1,1,0,4,2,0,0,0,0,3,0,4,4,4,4,4,4,4,2,4,4,3,4,4,1,1,0,1,train
0,0,3,0,0,1,0,0,0,0,0,2,0,0,1,0,1,0,0,1,0,0,0,0,1,0,0,0,0,1,0,2,0,0,0,0,0,0,1,0,0,0,1,0,1,1,1,3,3,2,2,0,0,0,0,train
4,4,4,3,4,0,0,4,4,3,4,4,4,4,4,3,4,4,4,4,4,3,4,4,4,4,4,3,4,4,4,3,4,3,4,3,4,3,4,3,4,3,4,3,4,3,4,3,4,4,3,4,3,4,1,train
4,4,3,2,4,0,0,4,3,2,4,4,4,4,3,2,4,4,4,4,3,2,4,4,4,4,3,2,4,4,4,4,4,4,4,4,4,4,4,4,4,4,4,4,4,4,4,4,4,4,4,4,4,4,1,train
4,3,4,3,4,1,0,3,4,3,4,3,4,3,4,3,4,3,4,3,4,3,4,3,4,3,4,3,4,3,4,3,4,3,4,3,4,3,4,3,4,3,4,3,4,3,4,3,4,4,3,4,3,4,1,train
3,3,4,4,3,1,1,3,4,4,3,3,3,3,4,4,3,3,3,3,4,4,3,3,3,3,4,4,3,3,4,4,4,4,4,4,4,4,4,4,4,4,4,4,4,4,4,4,4,4,4,4,4,4,1,train
3,4,3,4,3,0,1,4,3,4,3,4,3,4,3,4,3,4,3,4,3,4,3,4,3,4,3,4,3,4,4,4,4,4,4,4,4,4,4,4,4,4,4,4,4,4,4,4,4,4,4,4,4,4,1,train
1,1,1,1,1,2,0,2,2,2,3,0,0,2,1,0,1,2,1,0,0,0,0,1,1,1,1,1,1,1,1,1,0,1,0,0,1,1,2,2,1,2,3,2,2,2,0,2,2,2,2,4,3,3,1,train
4,4,3,4,4,0,0,4,4,4,4,4,4,4,4,3,3,4,4,3,2,2,3,1,2,2,1,3,2,2,3,3,1,2,1,4,4,3,3,3,1,3,3,3,3,1,2,3,2,2,2,2,1,2,1,train
0,0,0,0,0,2,1,0,0,0,0,0,0,0,0,0,0,0,0,0,0,0,0,0,0,0,0,0,0,0,1,0,0,0,0,0,0,0,0,0,0,0,0,2,1,4,2,3,0,0,0,2,4,1,0,train
3,2,4,3,3,2,3,2,2,3,4,3,2,3,1,3,3,3,3,4,2,1,0,2,2,2,2,2,2,3,3,3,3,3,3,3,4,4,4,4,4,3,0,0,0,0,0,3,3,3,3,3,3,3,1,train
4,3,2,3,4,1,0,3,2,3,4,3,4,3,2,3,4,3,4,3,2,3,4,3,4,3,2,3,4,3,3,4,3,4,3,4,3,4,3,4,3,4,3,4,3,4,3,4,3,3,4,3,4,3,1,train
3,4,3,3,3,0,1,4,3,3,3,4,3,4,3,3,3,4,3,4,3,3,3,4,3,4,3,3,3,4,3,4,3,4,3,4,3,4,3,4,3,4,3,4,3,4,3,4,3,3,4,3,4,3,1,train
3,4,3,4,3,0,1,4,3,4,3,4,3,4,3,4,3,4,3,4,3,4,3,4,3,4,3,4,3,4,3,3,3,3,3,3,3,3,3,3,3,3,3,3,3,3,3,3,3,3,3,3,3,3,1,train
0,3,2,0,0,0,0,0,0,0,0,0,0,0,0,0,0,0,0,0,0,0,0,0,0,0,0,0,0,0,1,0,0,0,0,0,0,0,1,0,0,4,4,0,4,4,4,3,1,1,1,2,0,1,0,train
1,1,1,1,1,0,0,1,1,1,1,0,0,0,0,0,0,0,0,0,0,0,0,0,0,0,0,0,0,0,0,2,0,0,0,0,0,0,0,0,0,0,0,0,0,2,2,3,3,3,3,1,1,0,0,train
4,4,4,3,4,2,4,4,4,3,4,4,4,4,4,4,4,4,4,4,4,3,0,4,0,4,4,0,4,4,0,4,4,0,1,0,2,0,4,0,2,4,4,1,4,0,4,4,4,3,4,4,4,4,1,train
0,0,1,0,0,0,0,1,1,0,0,0,0,1,0,0,0,0,0,0,0,0,0,0,0,0,0,0,0,0,1,0,0,1,0,0,0,0,0,0,0,2,2,0,3,3,3,3,0,1,3,3,3,1,0,train
2,2,2,2,1,3,2,1,1,2,3,4,2,3,3,3,3,3,3,2,1,0,1,2,2,2,2,2,3,2,3,3,1,1,1,1,2,1,3,3,3,3,2,3,2,3,2,3,1,1,1,2,2,2,1,train
0,1,0,1,0,0,0,0,0,1,0,0,0,1,0,0,0,0,0,0,0,0,0,1,0,0,0,0,0,0,0,1,1,1,0,0,0,2,1,0,0,0,2,1,1,1,1,2,1,1,1,0,0,0,0,train
0,0,2,0,0,0,0,0,0,0,0,1,1,0,0,0,1,0,0,0,0,0,0,0,1,0,0,0,0,0,2,1,0,2,3,0,1,0,2,0,0,0,0,0,2,3,1,2,1,2,1,2,2,0,0,train
0,0,1,1,0,0,0,0,0,2,1,2,1,1,1,0,0,0,0,0,0,0,0,0,1,0,0,0,0,1,2,1,0,2,0,0,1,1,1,1,0,2,2,0,0,2,1,2,1,2,2,1,0,0,0,train
0,1,0,0,0,0,0,1,0,0,0,0,0,1,0,0,0,0,0,0,0,0,0,0,1,1,1,0,0,0,0,0,0,0,0,0,0,0,0,0,0,0,3,1,0,3,0,1,0,0,0,2,0,0,0,train
0,1,1,0,0,0,0,0,0,1,1,1,2,1,1,0,0,0,0,0,0,0,0,0,0,0,0,0,0,0,0,2,1,2,0,0,0,0,1,0,1,0,3,1,4,0,2,2,0,1,0,0,1,0,0,train
3,3,4,3,3,1,1,3,4,3,3,3,3,3,4,3,3,3,3,3,4,3,3,3,3,3,4,3,3,3,4,4,4,4,4,4,4,4,4,4,4,4,4,4,3,4,4,4,4,4,4,4,4,4,1,train
2,1,1,0,0,1,0,0,0,0,0,1,0,1,0,0,1,0,1,0,0,0,0,1,0,1,1,0,0,0,0,1,0,2,0,0,1,0,2,1,2,1,3,1,3,1,1,3,0,0,0,0,0,0,0,train
0,0,1,0,0,0,0,1,1,0,0,0,0,1,0,0,0,0,0,0,0,0,0,0,0,0,0,0,0,0,1,0,0,1,0,0,0,0,0,0,0,2,2,0,3,3,3,3,0,1,3,3,3,1,0,train
0,0,0,0,0,0,0,0,0,0,0,0,0,0,0,0,0,0,0,0,0,1,0,0,0,0,0,0,0,0,4,2,0,0,0,0,0,0,0,0,1,4,2,0,4,2,1,1,0,0,0,1,0,0,0,train
3,3,3,2,3,1,1,3,3,2,3,3,3,3,3,2,3,3,3,3,3,2,3,3,3,3,3,2,3,3,4,3,4,3,4,3,4,3,4,3,4,3,4,3,4,3,4,3,4,4,3,4,3,4,1,train
4,3,3,3,4,1,0,3,3,3,4,3,4,3,3,3,4,3,4,3,3,3,4,3,4,3,3,3,4,3,4,3,4,3,4,3,4,4,3,4,4,4,4,3,4,4,3,4,4,3,3,4,4,3,1,train
0,0,0,0,0,0,0,0,0,0,0,0,0,0,0,0,0,0,0,0,0,0,0,0,0,0,0,0,0,0,1,1,1,1,1,0,1,1,2,1,2,2,4,2,4,0,0,0,1,1,2,1,0,2,0,train
3,4,4,4,3,0,1,4,4,4,3,4,3,4,4,4,3,4,3,4,4,4,3,4,3,4,4,4,3,4,4,3,4,3,4,3,4,3,4,3,4,3,4,3,3,3,4,3,4,4,3,4,3,4,1,train
0,0,1,0,0,1,0,0,0,0,0,0,0,0,0,0,0,0,0,0,0,0,0,2,0,0,0,0,0,1,0,2,0,1,0,0,0,0,0,0,0,0,3,0,0,2,2,0,0,1,1,3,4,0,0,train
1,1,2,0,2,1,0,2,1,2,1,1,2,0,2,1,2,1,0,0,0,1,0,1,1,0,1,0,0,0,0,0,0,1,0,0,0,0,0,0,0,0,0,0,1,1,1,0,1,2,2,0,1,1,0,train
0,3,1,0,0,0,0,0,0,0,0,1,1,2,0,0,0,0,0,0,0,0,0,0,0,0,0,0,0,1,1,1,0,1,0,0,0,0,0,0,1,0,1,0,1,1,1,4,0,0,2,0,0,0,0,train
4,4,4,3,4,0,0,4,4,3,4,4,4,4,4,3,4,4,4,4,4,3,4,4,4,4,4,3,4,4,4,4,4,4,4,4,4,4,4,4,4,4,4,4,4,4,4,4,4,4,4,4,4,4,1,train
4,2,2,3,4,2,0,2,2,3,4,2,4,2,2,3,4,2,4,2,2,3,4,2,4,2,2,3,4,2,4,3,4,3,4,3,4,3,4,3,4,3,4,3,4,3,4,3,4,4,3,4,3,4,1,train
1,2,0,0,0,0,0,0,0,0,0,0,0,1,0,0,0,0,1,0,0,1,1,1,1,1,0,0,0,0,2,1,0,1,0,0,1,0,0,0,1,0,2,0,0,2,1,2,2,2,2,2,1,0,0,train
3,3,3,2,1,3,4,3,2,2,2,2,2,3,2,3,3,3,3,2,3,3,3,3,2,3,3,2,2,2,1,2,2,1,1,2,3,2,2,3,3,3,3,4,3,3,2,3,2,3,3,2,2,2,1,train
3,3,3,4,3,1,1,3,3,4,3,3,3,3,3,4,3,3,3,3,3,4,3,3,3,3,3,4,3,3,4,4,4,4,4,4,4,4,4,4,4,4,4,4,3,4,4,4,4,4,4,4,4,4,1,train
3,2,4,3,3,2,3,2,2,3,4,3,2,2,1,3,3,3,3,4,2,1,0,2,2,2,2,2,2,3,3,3,3,3,3,3,4,4,4,4,3,0,0,3,0,0,0,3,3,3,3,3,3,3,1,train
0,0,1,0,0,0,0,0,0,0,0,0,0,0,0,0,0,1,0,0,0,0,2,2,1,1,1,0,1,0,0,0,0,0,0,0,0,0,0,0,0,0,4,4,4,4,4,0,4,0,0,0,0,0,0,train
3,3,2,3,3,1,1,3,3,3,4,3,3,3,3,3,3,3,4,3,3,3,3,4,3,3,2,4,3,4,4,4,4,4,4,4,4,4,4,4,4,3,4,3,3,3,4,4,4,4,3,3,4,4,1,train
4,2,3,2,4,2,0,2,3,2,4,2,4,2,3,2,4,2,4,2,3,2,4,2,4,2,3,2,4,2,4,4,4,4,4,4,4,4,4,4,4,4,4,4,4,4,4,4,4,4,4,4,4,4,1,train
2,2,1,1,1,1,0,0,0,0,0,1,0,1,1,1,1,1,2,1,1,0,0,0,0,2,1,2,1,1,1,1,1,1,0,0,0,0,2,1,0,2,3,0,2,2,1,2,3,2,2,2,1,0,1,train
3,0,0,0,0,0,0,0,0,0,0,1,1,2,1,0,0,1,1,0,0,0,0,1,0,0,1,0,0,0,0,0,0,0,0,0,0,0,1,1,0,0,3,2,4,4,0,1,0,0,1,4,1,0,0,train
4,3,3,4,4,1,0,3,3,4,4,3,4,3,3,4,4,3,4,3,3,4,4,3,4,3,3,4,4,3,4,3,4,3,4,3,4,3,4,3,4,3,4,3,4,3,4,3,4,4,3,4,3,4,1,train
3,3,2,3,3,1,1,3,2,3,3,3,3,3,2,3,3,3,3,3,2,3,3,3,3,3,2,3,3,3,4,3,4,3,4,3,4,3,4,3,4,3,4,3,4,3,4,3,4,4,3,4,3,4,1,train
0,0,0,0,0,0,0,0,0,0,0,0,0,0,0,0,0,0,0,0,0,0,0,0,0,0,0,0,0,0,0,0,1,1,0,0,0,1,1,0,0,3,2,1,3,3,0,2,3,2,2,4,1,1,0,train
0,0,0,0,0,0,0,0,0,1,0,0,0,0,0,0,0,0,0,0,0,0,0,1,1,0,0,0,0,0,0,0,0,0,0,0,0,0,0,0,0,0,1,0,3,2,0,2,2,2,2,2,2,2,0,train
4,4,4,3,4,0,0,4,4,3,4,4,4,4,4,3,4,4,4,4,4,3,4,4,4,4,4,3,4,4,4,4,4,4,4,4,4,4,4,4,4,4,4,4,4,4,4,4,4,4,4,4,4,4,1,train
0,0,2,0,0,0,0,0,0,0,0,0,0,0,0,0,0,0,0,0,0,0,0,0,0,0,0,0,0,0,2,1,0,1,0,0,1,0,0,0,0,0,2,0,2,2,1,2,0,0,0,4,4,0,0,train
0,1,1,0,0,1,0,0,0,0,0,0,0,0,0,0,0,0,0,0,0,0,0,0,0,0,0,0,0,0,0,0,0,0,0,0,1,0,0,0,0,1,2,0,1,4,4,3,3,1,2,3,1,1,0,train
2,2,4,1,0,0,0,0,0,0,1,0,1,1,0,1,0,0,0,1,0,0,0,0,0,0,0,0,0,1,1,2,1,2,0,1,2,1,3,3,2,1,1,2,3,2,1,3,3,3,2,3,2,1,1,train
0,0,0,0,0,0,0,0,0,0,0,0,0,0,0,0,0,0,0,0,0,0,0,0,0,0,0,0,0,0,1,1,1,1,1,0,1,1,2,1,2,2,4,2,4,0,0,0,1,1,2,1,0,2,0,train
0,0,0,0,0,1,0,1,1,0,0,0,1,1,0,0,0,0,0,0,1,1,1,0,1,0,0,0,0,1,1,1,1,1,0,0,1,0,0,0,0,0,0,0,0,0,0,2,1,2,2,3,3,2,0,train
3,3,4,4,3,1,1,3,4,4,3,3,3,3,4,4,3,3,3,3,4,4,3,3,3,3,4,4,3,3,3,3,3,3,3,3,3,3,3,3,3,3,3,3,3,3,3,3,3,3,3,3,3,3,1,train
4,2,3,2,4,2,0,2,3,2,4,2,4,2,3,2,4,2,4,2,3,2,4,2,4,2,3,2,4,2,4,4,4,4,4,4,4,4,4,4,4,4,4,4,4,4,4,4,4,4,4,4,4,4,1,train
0,0,0,0,0,2,0,0,0,1,0,0,0,0,1,0,1,0,1,0,0,0,0,0,0,0,0,0,0,1,0,1,0,1,0,0,1,1,1,0,0,4,2,0,1,2,1,3,1,1,1,1,1,0,0,train
3,4,3,2,3,0,1,4,3,2,3,4,3,4,3,2,3,4,3,4,3,2,3,4,3,4,3,2,3,4,4,4,4,4,4,4,4,4,4,4,4,4,4,4,4,4,4,4,4,4,4,4,4,4,1,train
3,2,3,4,3,2,1,2,3,4,3,2,3,2,3,4,3,2,3,2,3,4,3,2,3,2,3,4,3,2,4,4,4,4,4,4,4,4,4,4,4,4,4,4,3,4,4,4,4,4,4,4,4,4,1,train
0,0,0,0,0,1,0,0,0,1,0,1,1,0,0,1,0,0,0,0,0,0,0,0,2,1,1,0,0,0,0,0,0,0,0,0,0,0,0,0,0,0,1,1,0,4,1,1,4,4,2,2,0,1,0,train
3,3,3,4,3,1,1,3,3,4,3,3,3,3,3,4,3,3,3,3,3,4,3,3,3,3,3,4,3,3,4,4,4,4,4,4,4,4,4,4,4,4,4,4,4,4,4,4,4,4,4,4,4,4,1,train
3,3,3,4,3,1,1,3,3,4,3,3,3,3,3,4,3,3,3,3,3,4,3,3,3,3,3,4,3,3,4,4,4,4,4,4,4,4,4,4,4,4,4,4,4,4,4,4,4,4,4,4,4,4,1,train
0,0,0,0,0,2,0,0,0,0,0,0,1,1,0,0,0,0,0,0,0,0,0,0,1,1,1,0,0,0,1,0,0,0,0,0,0,0,0,0,0,0,2,1,0,3,0,2,3,4,3,3,0,2,0,train
4,4,3,3,2,0,2,4,4,3,4,3,4,3,4,4,4,3,3,3,2,3,3,3,3,3,1,3,3,2,3,3,3,4,4,4,4,4,4,4,4,2,2,3,2,2,2,2,2,3,3,3,3,4,1,train
4,2,4,2,1,2,3,1,1,3,3,3,2,2,3,2,2,3,3,2,2,2,2,3,4,4,3,3,3,4,4,4,2,2,0,0,4,3,4,4,3,1,1,4,1,2,1,3,3,3,3,1,1,1,1,train
0,0,0,0,0,0,0,0,0,0,0,1,0,0,0,0,1,0,0,0,1,0,0,0,0,0,0,0,0,0,0,0,0,0,0,0,0,0,0,0,1,0,1,0,0,0,1,0,0,0,1,0,0,1,0,train
4,3,3,3,4,1,0,3,3,3,4,3,4,3,3,3,4,3,4,3,3,3,4,3,4,3,3,3,4,3,4,3,4,3,4,3,4,3,4,3,4,3,4,3,4,3,4,3,4,4,3,4,3,4,1,train
0,0,0,0,0,0,0,0,0,1,0,0,0,0,0,0,0,0,0,0,0,0,0,1,1,1,0,0,0,0,2,1,1,1,0,0,2,0,1,0,1,0,0,0,0,0,0,2,2,2,2,1,0,0,0,train
0,0,0,0,0,0,0,0,0,0,0,0,0,0,0,0,0,0,0,0,0,0,0,0,1,1,0,0,1,0,0,0,0,0,0,0,0,0,0,0,1,0,2,0,1,1,1,1,0,0,0,1,1,1,0,train
0,0,0,0,1,0,0,0,0,0,0,0,1,0,1,0,0,0,0,0,0,0,0,0,1,1,0,0,1,0,0,0,0,0,0,0,0,0,0,0,0,2,3,1,3,3,3,2,1,1,1,1,1,1,0,train
0,0,0,0,0,0,0,0,0,0,0,0,0,0,0,0,0,0,0,0,0,0,0,0,0,0,0,0,0,0,4,4,3,4,0,0,4,0,1,0,1,0,0,0,0,1,0,4,1,1,4,2,2,2,0,train
4,3,4,4,0,0,0,0,0,0,0,0,0,0,0,0,0,0,0,0,0,0,0,2,0,0,0,0,0,0,0,0,0,0,0,0,0,0,0,0,0,0,0,0,0,0,0,4,4,4,4,0,0,0,0,train
3,3,2,3,3,1,1,3,2,3,3,3,3,3,2,3,3,3,3,3,2,3,3,3,3,3,2,3,3,3,4,4,4,4,4,4,4,4,4,4,4,4,4,4,4,4,4,4,4,4,4,4,4,4,1,train
0,0,0,0,0,0,0,0,0,0,0,0,0,0,0,0,0,0,0,0,0,0,0,0,0,0,0,0,0,0,4,4,4,3,0,0,4,1,1,0,1,0,0,0,0,0,0,0,0,0,4,2,2,2,0,train
3,2,2,3,3,2,1,2,2,3,3,2,3,2,2,3,3,2,3,2,2,3,3,2,3,2,2,3,3,2,4,4,4,4,4,4,4,4,4,4,4,4,4,4,4,4,4,4,4,4,4,4,4,4,1,train
4,3,3,3,3,1,4,0,4,3,3,3,3,4,3,3,3,3,3,3,3,3,2,2,2,2,3,2,2,2,2,4,3,3,3,3,3,4,4,4,3,3,3,3,3,3,3,3,3,3,3,3,3,3,1,train
3,4,2,3,3,0,1,4,2,3,3,4,3,4,2,3,3,4,3,4,2,3,3,4,3,4,2,3,3,4,4,4,4,4,4,4,4,4,4,4,4,4,4,4,3,4,4,4,4,4,4,4,4,4,1,train
0,0,0,0,0,0,0,0,0,1,0,1,2,0,1,0,0,0,0,0,0,0,0,0,0,0,0,0,0,0,2,1,1,1,0,0,1,1,2,1,1,3,2,0,2,1,2,3,2,2,2,1,1,0,0,train
0,1,1,0,0,0,0,0,0,0,0,1,3,0,0,0,0,0,0,0,0,0,0,1,1,0,0,0,0,0,0,0,0,0,0,0,0,0,1,0,0,2,4,0,2,4,0,3,0,1,2,2,2,0,0,train
0,0,2,0,2,4,0,0,0,0,0,0,2,1,0,0,0,0,0,0,0,0,0,0,0,0,0,0,0,0,2,3,0,1,0,0,1,0,0,0,1,0,4,0,1,1,2,3,0,1,1,0,0,0,0,train
3,2,3,2,3,2,1,2,3,2,3,2,3,2,3,2,3,2,3,2,3,2,3,2,3,2,3,2,3,2,4,4,4,4,4,4,4,4,4,4,4,4,4,4,4,4,4,4,4,4,4,4,4,4,1,train
0,0,0,0,0,0,0,0,0,0,0,1,0,0,0,0,0,0,0,0,0,0,0,0,0,0,0,0,0,0,0,0,0,1,0,0,1,0,4,1,2,1,1,0,4,3,3,2,2,3,2,4,3,1,0,train
0,0,0,0,0,1,0,0,0,0,1,1,1,0,0,0,0,0,1,0,1,0,0,0,0,0,0,0,0,0,0,0,0,0,0,0,0,0,0,0,0,0,3,0,3,4,3,0,2,2,2,0,0,0,0,train
0,2,0,0,0,1,0,0,0,0,0,0,0,0,0,0,0,0,0,0,0,0,0,0,1,1,0,0,0,2,0,0,0,1,0,0,1,1,2,0,1,2,3,0,1,1,2,2,1,0,1,3,2,2,0,train
3,3,3,4,3,1,1,3,3,4,3,3,3,3,3,4,3,3,3,3,3,4,3,3,3,3,3,4,3,3,3,4,3,4,3,4,3,4,3,4,3,4,3,4,3,4,3,4,3,3,4,3,4,3,1,train
0,0,1,0,0,2,0,0,0,1,0,2,1,0,2,0,2,1,0,1,0,0,0,0,2,2,0,0,0,0,4,1,1,1,1,1,1,2,0,2,2,1,2,3,0,2,2,1,2,1,1,1,2,0,1,train
0,0,1,0,1,0,0,0,0,0,0,1,0,0,0,0,0,0,0,0,0,0,0,0,0,0,0,0,0,0,2,1,2,0,0,0,2,0,1,0,0,0,2,0,1,2,1,3,3,2,2,2,2,0,0,train
3,2,3,2,3,3,3,3,3,3,4,3,3,4,3,3,3,3,3,4,1,1,1,1,2,1,1,1,1,3,2,3,2,2,1,1,3,3,4,4,2,2,3,2,3,2,2,3,3,3,3,2,2,2,1,train
0,1,0,0,0,1,0,2,0,0,1,0,1,0,0,0,0,0,0,0,0,0,2,2,0,0,1,1,0,0,1,0,0,0,0,0,0,0,0,0,3,1,1,0,1,3,3,2,0,0,0,4,4,2,0,train
3,3,3,2,3,1,1,3,3,2,3,3,3,3,3,2,3,3,3,3,3,2,3,3,3,3,3,2,3,3,4,4,4,4,4,4,4,4,4,4,4,4,4,4,4,4,4,4,4,4,4,4,4,4,1,train
3,3,3,3,3,1,1,3,3,3,3,3,3,3,3,3,3,3,3,3,3,3,3,3,3,3,3,3,3,3,4,4,4,4,4,4,4,4,4,4,4,4,4,4,4,4,4,4,4,4,4,4,4,4,1,train
2,0,2,4,2,2,4,3,4,3,2,3,3,0,4,4,3,3,3,2,2,1,2,0,0,0,0,0,2,2,3,3,3,3,3,3,3,3,1,3,2,3,3,4,4,2,3,2,2,3,3,4,2,2,1,train
2,2,2,3,2,3,2,1,3,2,1,2,2,2,3,3,3,3,3,2,2,1,1,3,3,3,2,3,2,2,3,3,3,3,3,3,3,3,4,4,4,4,3,4,2,2,3,3,2,1,1,2,2,2,1,train
3,4,4,3,3,0,1,4,4,3,3,4,3,4,4,3,3,4,3,4,4,3,3,4,3,4,4,3,3,4,4,3,4,3,4,3,4,3,4,3,4,3,4,3,4,3,4,3,4,4,3,4,3,4,1,train
3,3,3,2,3,1,1,3,3,2,3,3,3,3,3,2,3,3,3,3,3,2,3,3,3,3,3,2,3,3,4,4,4,4,4,4,4,4,4,4,4,4,4,4,4,4,4,4,4,4,4,4,4,4,1,train
2,1,2,2,2,1,0,3,3,2,4,3,2,3,4,3,2,3,2,1,2,1,1,2,3,3,2,2,2,3,1,1,0,2,2,1,4,4,4,4,4,4,3,2,0,0,1,2,2,2,1,1,1,0,1,train
3,3,3,2,3,1,1,3,3,2,3,3,3,3,3,2,3,3,3,3,3,2,3,3,3,3,3,2,3,3,4,4,4,4,4,4,4,4,4,4,4,4,4,4,4,4,4,4,4,4,4,4,4,4,1,train
3,3,3,2,3,1,1,3,3,2,3,3,3,3,3,2,3,3,3,3,3,2,3,3,3,3,3,2,3,3,3,4,3,4,3,4,3,4,3,4,3,4,3,4,3,4,3,4,3,3,4,3,4,3,1,train
1,0,1,0,1,1,0,0,0,1,0,0,1,1,1,0,0,1,0,1,0,0,0,0,0,0,0,0,0,0,1,1,1,1,0,0,1,0,1,1,1,1,1,1,1,0,0,2,1,2,2,2,2,3,0,train
4,4,4,4,4,0,0,4,4,4,4,3,4,0,4,4,4,4,3,2,1,1,0,2,2,1,2,0,1,1,0,4,2,3,0,2,3,4,2,4,2,2,3,4,2,2,2,3,4,4,4,4,2,2,1,test
2,2,1,0,0,4,1,3,3,3,3,3,3,3,3,3,3,3,3,3,2,2,2,3,2,3,2,3,2,3,1,1,1,1,1,1,1,2,2,2,2,2,2,2,2,1,1,1,1,1,1,1,1,1,1,test
3,4,3,4,3,0,1,4,3,4,3,4,3,4,3,4,3,4,3,4,3,4,3,4,3,4,3,4,3,4,4,4,4,4,4,4,4,4,4,4,4,4,4,4,4,4,4,4,4,4,4,4,4,4,1,test
3,4,3,4,3,0,1,4,3,4,3,4,3,4,3,4,3,4,3,4,3,4,3,4,3,4,3,4,3,4,4,4,4,4,4,4,4,4,4,4,4,4,4,3,4,4,4,4,4,4,4,4,4,4,1,test
4,4,4,3,4,0,0,4,4,3,4,4,4,4,4,3,4,4,4,4,4,3,4,4,4,4,4,3,4,4,4,3,4,3,4,3,4,3,4,3,4,3,4,3,4,3,4,3,4,4,3,4,3,4,1,test
4,3,3,3,4,1,0,3,3,3,4,3,4,3,3,3,4,3,4,3,3,3,4,3,4,3,3,3,4,3,4,4,4,4,4,4,4,4,4,4,4,4,4,4,4,4,4,4,4,4,4,4,4,4,1,test
4,3,3,3,4,1,0,3,3,3,4,3,4,3,3,3,4,3,4,3,3,3,4,3,4,3,3,3,4,3,4,4,4,4,4,4,4,4,4,4,4,4,4,4,4,4,4,4,4,4,4,4,4,4,1,test
3,3,2,3,3,1,1,3,3,3,4,3,3,3,3,3,3,3,4,3,3,3,3,4,3,3,2,4,3,4,4,4,4,4,4,4,4,4,4,4,4,3,4,3,3,3,4,4,4,4,3,3,4,4,1,test
4,2,3,2,4,2,0,2,3,2,4,2,4,2,3,2,4,2,4,2,3,2,4,2,4,2,3,2,4,2,4,4,4,4,4,4,4,4,4,4,4,4,4,4,4,4,4,4,4,4,4,4,4,4,1,test
4,2,3,2,4,2,0,2,3,2,4,2,4,2,3,2,4,2,4,2,3,2,4,2,4,2,3,2,4,2,4,4,4,4,4,4,4,4,4,4,4,4,4,4,4,4,4,4,4,4,4,4,4,4,1,test
4,3,2,3,4,1,0,3,2,3,4,3,4,3,2,3,4,3,4,3,2,3,4,3,4,3,2,3,4,3,4,3,4,3,4,3,4,3,4,3,4,3,4,3,4,3,4,3,4,4,3,4,3,4,1,test
4,3,3,2,4,1,0,3,3,2,4,3,4,3,3,2,4,3,4,3,3,2,4,3,4,3,3,2,4,3,4,3,4,3,4,3,4,3,4,3,4,3,4,3,3,3,4,3,4,4,3,4,3,4,1,test
3,4,3,4,3,0,1,4,3,4,3,4,3,4,3,4,3,4,3,4,3,4,3,4,3,4,3,4,3,4,3,3,3,3,3,3,3,3,3,3,3,3,3,3,3,3,3,3,3,3,3,3,3,3,1,test
3,3,3,3,3,1,1,3,3,3,3,3,3,3,3,3,3,3,3,3,3,3,3,3,3,3,3,3,3,3,4,3,4,3,4,3,4,3,4,3,4,3,4,3,4,3,4,3,4,4,3,4,3,4,1,test
3,2,3,2,3,2,1,2,3,2,3,2,3,2,3,2,3,2,3,2,3,2,3,2,3,2,3,2,3,2,4,4,4,4,4,4,4,4,4,4,4,4,4,4,4,4,4,4,4,4,4,4,4,4,1,test
3,2,3,2,3,2,1,2,3,2,3,2,3,2,3,2,3,2,3,2,3,2,3,2,3,2,3,2,3,2,4,4,4,4,4,4,4,4,4,4,4,4,4,4,4,4,4,4,4,4,4,4,4,4,1,test
2,2,3,2,2,2,2,2,3,2,2,2,2,2,3,2,2,2,2,2,3,2,2,2,2,2,3,2,2,2,4,4,4,4,4,4,4,4,4,4,4,3,4,4,4,4,4,4,4,4,4,4,4,4,1,test
3,3,3,3,3,1,1,3,3,3,3,3,3,3,3,3,3,3,3,3,3,3,3,3,3,3,3,3,3,3,3,3,3,3,3,3,3,3,3,3,3,3,3,3,3,3,3,3,3,3,3,3,3,3,1,test
3,2,3,2,3,2,1,2,3,2,3,2,3,2,3,2,3,2,3,2,3,2,3,2,3,2,3,2,3,2,3,4,3,4,3,4,3,4,3,4,3,3,3,4,3,4,3,4,3,3,4,3,4,3,1,test
3,3,2,2,2,2,2,2,2,2,2,2,2,2,2,2,2,2,2,2,0,0,0,2,0,0,0,0,0,2,3,3,3,4,4,4,4,4,4,4,4,1,1,1,1,1,1,3,2,2,2,4,4,4,1,test
0,0,0,0,0,0,0,0,0,0,0,0,1,0,0,0,0,0,0,0,0,0,0,0,0,0,0,0,0,0,0,0,0,1,0,0,0,0,0,0,0,0,3,0,0,0,0,2,0,0,1,2,2,1,0,test
4,0,3,4,0,0,0,0,0,0,0,0,0,0,0,0,0,0,0,0,0,0,0,0,0,0,0,0,0,0,0,0,0,0,0,0,0,0,0,0,0,0,0,0,0,0,0,4,0,0,0,0,0,0,0,test
0,0,0,0,0,0,0,0,0,0,0,0,0,0,0,0,0,0,0,0,0,0,0,0,0,0,0,0,0,0,2,2,1,0,1,1,0,1,0,0,0,0,0,0,0,0,1,1,1,1,1,0,1,1,0,test
0,0,0,0,0,0,0,0,0,0,0,0,0,0,0,0,0,0,0,0,0,0,0,0,0,0,0,0,0,0,1,1,0,0,0,0,0,0,0,0,0,0,2,0,0,2,0,2,3,2,2,1,1,0,0,test
1,1,0,0,0,0,0,0,0,1,0,0,1,0,0,0,0,0,0,0,1,0,0,0,1,0,1,1,1,1,0,0,0,0,0,0,0,0,0,0,0,1,2,0,2,1,0,0,1,1,1,1,1,1,0,test
0,1,2,1,0,0,0,0,0,0,0,1,1,0,0,0,1,0,1,0,0,0,0,0,0,0,0,0,0,0,0,0,0,0,0,0,0,0,1,0,0,2,2,0,1,0,1,2,0,0,0,3,2,1,0,test
0,0,0,0,0,0,0,0,0,0,0,0,0,0,0,0,0,0,0,0,0,0,0,0,0,0,0,0,0,0,0,0,0,0,0,0,0,0,0,0,1,2,4,2,3,1,1,2,0,0,1,4,1,2,0,test
0,0,0,0,0,0,0,0,0,0,0,0,0,0,0,0,0,0,0,0,0,0,0,0,1,1,1,1,1,1,1,0,0,0,0,0,0,0,0,0,2,0,3,0,3,3,1,2,1,1,1,0,1,0,0,test
0,0,0,0,0,0,0,0,0,0,0,0,0,0,0,0,0,0,0,0,0,0,0,0,0,0,0,0,0,0,0,1,0,0,0,0,0,0,0,0,0,0,4,0,4,3,1,3,1,3,3,3,1,0,0,test
0,0,0,0,0,0,0,0,0,0,0,0,2,0,0,0,0,0,0,0,0,0,0,0,0,0,0,0,0,0,2,0,0,0,0,0,4,0,0,0,0,0,0,0,0,3,0,2,2,2,2,4,4,0,0,test
0,0,0,0,0,0,0,0,0,0,0,0,1,1,0,0,0,0,0,0,1,0,0,0,1,0,0,1,1,1,1,0,0,0,0,0,0,0,0,0,0,1,3,2,1,3,0,2,3,3,2,1,0,0,0,test
0,2,2,1,0,0,0,0,0,2,1,1,1,0,0,0,0,0,0,0,0,0,0,0,1,0,0,0,0,0,1,3,0,0,0,0,2,1,0,2,0,0,0,0,0,0,0,3,1,1,1,0,3,0,0,test
0,0,0,0,0,2,0,0,0,0,0,0,1,0,0,1,1,0,0,0,0,0,0,0,0,0,0,0,0,1,0,0,0,1,0,0,1,0,0,0,0,2,4,0,4,3,1,1,2,2,2,1,0,0,0,test
0,2,2,1,0,0,0,0,0,2,1,1,1,0,0,0,0,0,0,0,0,0,0,0,1,0,0,0,0,0,1,3,0,0,0,0,2,1,1,0,2,0,0,0,0,0,0,3,1,1,1,0,3,0,0,test
0,0,0,0,0,0,0,0,0,1,0,1,0,0,0,0,0,0,0,0,0,0,0,0,0,0,0,0,0,0,2,2,0,0,0,0,0,0,0,0,0,4,4,0,4,1,4,2,3,2,2,0,0,0,0,test
0,0,0,0,0,0,0,0,0,0,0,0,1,0,0,1,0,0,0,1,1,0,0,0,1,1,1,1,1,1,0,0,0,0,0,0,1,1,1,0,1,0,1,2,2,2,2,2,2,2,2,0,1,0,0,test
0,1,1,1,0,0,0,0,0,0,0,0,0,0,0,0,0,0,0,0,0,0,0,0,0,0,0,0,0,0,2,1,1,1,0,0,2,1,2,2,1,2,2,0,1,3,0,2,2,2,2,0,0,0,0,test
1,0,1,0,0,0,0,1,0,0,1,0,1,0,0,1,0,0,1,0,0,0,0,0,0,0,0,0,0,0,2,0,0,0,0,0,0,1,0,0,0,0,2,0,2,0,2,3,0,3,3,3,2,2,0,test
0,1,2,0,0,0,0,0,0,1,1,1,2,1,1,1,0,0,1,0,1,0,0,0,0,0,0,0,0,0,1,1,0,1,0,0,1,1,1,1,1,1,1,0,1,1,0,2,1,1,1,1,1,1,0,test
0,0,0,0,0,0,0,0,0,0,0,0,0,0,0,0,0,0,0,0,0,0,0,0,0,0,0,0,0,0,0,0,0,0,0,0,2,1,1,0,1,3,4,0,4,3,4,3,1,3,3,0,1,0,0,test
0,0,0,0,0,0,0,0,0,2,0,1,1,0,0,0,0,0,0,0,1,0,0,1,1,0,0,0,1,0,2,0,0,1,0,0,1,0,2,0,1,3,2,0,1,3,3,2,2,1,1,2,0,0,0,test
0,1,0,0,0,0,0,0,0,0,0,0,0,0,0,0,1,0,0,0,0,0,0,0,0,0,0,0,0,0,0,0,0,0,0,0,0,0,0,0,0,2,4,4,4,4,4,4,4,2,2,0,0,0,0,test
0,1,1,1,1,0,0,0,0,0,1,1,2,1,1,1,1,1,1,0,0,0,0,0,0,0,0,0,0,0,0,0,0,0,0,0,1,1,1,0,0,1,1,0,1,3,1,2,1,2,2,2,2,1,0,test
1,0,0,0,0,1,0,0,0,1,1,0,1,1,1,1,0,1,0,0,0,0,0,1,1,0,0,0,0,1,1,0,0,0,0,0,0,0,0,0,0,2,4,1,0,2,1,2,1,2,2,4,2,0,0,test
2,2,3,0,0,1,0,0,0,1,1,1,1,1,1,1,1,1,1,1,1,0,0,0,0,0,0,0,0,0,2,0,0,0,0,0,0,0,0,0,0,0,2,0,2,2,1,1,1,1,1,1,1,1,0,test
2,1,0,2,0,0,0,0,0,1,1,1,1,0,1,0,1,1,0,0,0,0,0,1,1,1,0,0,0,0,0,0,1,0,1,0,1,0,1,0,0,0,1,0,0,3,0,2,2,2,2,2,2,1,0,test
2,0,2,0,0,0,0,0,0,2,0,0,2,0,0,1,1,0,0,0,1,1,0,0,0,0,0,0,0,0,1,1,0,1,1,1,1,0,1,1,0,2,1,0,0,3,2,2,1,1,1,1,2,1,0,test
0,0,0,0,0,2,0,0,0,0,0,0,0,0,0,0,0,0,0,0,0,0,0,2,0,0,0,0,0,0,0,0,0,0,0,0,1,0,0,0,0,0,2,2,4,4,4,2,2,2,2,4,2,2,0,test
2,1,1,0,0,2,0,0,0,2,0,1,1,1,1,0,0,0,0,0,0,0,0,0,1,1,0,0,0,1,1,1,2,2,0,0,0,0,0,0,1,0,1,2,0,1,0,3,1,1,3,1,1,1,0,test
1,1,0,0,0,0,0,0,0,1,0,1,1,0,0,1,0,0,0,1,0,0,0,0,1,1,1,0,0,1,1,1,0,1,0,0,1,1,1,2,1,3,3,0,2,3,0,2,0,1,1,3,0,0,0,test
0,0,0,0,0,0,0,1,0,0,0,1,1,1,0,0,0,0,0,1,1,0,1,1,0,0,0,0,0,0,1,3,0,0,0,0,0,0,0,0,0,2,2,0,1,3,4,4,0,1,3,3,3,1,0,test
